matiere,correlation,meilleur_nb_voyelles,meilleure_moyenne,pire_nb_voyelles,pire_moyenne
m2105,0.38976930523853315,2,12.285079365079365,0,9.63
m1101,-0.8211143546207087,0,11.22,5,9.770000000000001
m1102,-0.560064455308835,0,13.36,4,11.617058823529412
m1201,-0.7089548892040091,3,13.478730158730158,5,10.656666666666666
m2101,-0.36658949505817146,2,9.927857142857144,5,6.289999999999999
